{"100.0": 191928291.88039005, "200.0": 182514022.0069146, "300.0": 178492324.27786762, "400.0": 173953971.98076352, "500.0": 177190408.7827536, "600.0": 172568425.16370514, "700.0": 173650028.76783416, "800.0": 172991008.03235623, "900.0": 170879262.36509317}